--
-- PostgreSQL database dump
--

-- Dumped from database version 15.4
-- Dumped by pg_dump version 15.4

SET statement_timeout = 0;
SET lock_timeout = 0;
SET idle_in_transaction_session_timeout = 0;
SET client_encoding = 'UTF8';
SET standard_conforming_strings = on;
SELECT pg_catalog.set_config('search_path', '', false);
SET check_function_bodies = false;
SET xmloption = content;
SET client_min_messages = warning;
SET row_security = off;

SET default_tablespace = '';

SET default_table_access_method = heap;

--
-- Name: AspNetRoleClaims; Type: TABLE; Schema: public; Owner: postgres
--

CREATE TABLE public."AspNetRoleClaims" (
    "Id" integer NOT NULL,
    "RoleId" text NOT NULL,
    "ClaimType" text,
    "ClaimValue" text
);


ALTER TABLE public."AspNetRoleClaims" OWNER TO postgres;

--
-- Name: AspNetRoleClaims_Id_seq; Type: SEQUENCE; Schema: public; Owner: postgres
--

ALTER TABLE public."AspNetRoleClaims" ALTER COLUMN "Id" ADD GENERATED BY DEFAULT AS IDENTITY (
    SEQUENCE NAME public."AspNetRoleClaims_Id_seq"
    START WITH 1
    INCREMENT BY 1
    NO MINVALUE
    NO MAXVALUE
    CACHE 1
);


--
-- Name: AspNetRoles; Type: TABLE; Schema: public; Owner: postgres
--

CREATE TABLE public."AspNetRoles" (
    "Id" text NOT NULL,
    "Name" character varying(256),
    "NormalizedName" character varying(256),
    "ConcurrencyStamp" text
);


ALTER TABLE public."AspNetRoles" OWNER TO postgres;

--
-- Name: AspNetUserClaims; Type: TABLE; Schema: public; Owner: postgres
--

CREATE TABLE public."AspNetUserClaims" (
    "Id" integer NOT NULL,
    "UserId" text NOT NULL,
    "ClaimType" text,
    "ClaimValue" text
);


ALTER TABLE public."AspNetUserClaims" OWNER TO postgres;

--
-- Name: AspNetUserClaims_Id_seq; Type: SEQUENCE; Schema: public; Owner: postgres
--

ALTER TABLE public."AspNetUserClaims" ALTER COLUMN "Id" ADD GENERATED BY DEFAULT AS IDENTITY (
    SEQUENCE NAME public."AspNetUserClaims_Id_seq"
    START WITH 1
    INCREMENT BY 1
    NO MINVALUE
    NO MAXVALUE
    CACHE 1
);


--
-- Name: AspNetUserLogins; Type: TABLE; Schema: public; Owner: postgres
--

CREATE TABLE public."AspNetUserLogins" (
    "LoginProvider" text NOT NULL,
    "ProviderKey" text NOT NULL,
    "ProviderDisplayName" text,
    "UserId" text NOT NULL
);


ALTER TABLE public."AspNetUserLogins" OWNER TO postgres;

--
-- Name: AspNetUserRoles; Type: TABLE; Schema: public; Owner: postgres
--

CREATE TABLE public."AspNetUserRoles" (
    "UserId" text NOT NULL,
    "RoleId" text NOT NULL
);


ALTER TABLE public."AspNetUserRoles" OWNER TO postgres;

--
-- Name: AspNetUserTokens; Type: TABLE; Schema: public; Owner: postgres
--

CREATE TABLE public."AspNetUserTokens" (
    "UserId" text NOT NULL,
    "LoginProvider" text NOT NULL,
    "Name" text NOT NULL,
    "Value" text
);


ALTER TABLE public."AspNetUserTokens" OWNER TO postgres;

--
-- Name: AspNetUsers; Type: TABLE; Schema: public; Owner: postgres
--

CREATE TABLE public."AspNetUsers" (
    "Id" text NOT NULL,
    "UserName" character varying(256),
    "NormalizedUserName" character varying(256),
    "Email" character varying(256),
    "NormalizedEmail" character varying(256),
    "EmailConfirmed" boolean NOT NULL,
    "PasswordHash" text,
    "SecurityStamp" text,
    "ConcurrencyStamp" text,
    "PhoneNumber" text,
    "PhoneNumberConfirmed" boolean NOT NULL,
    "TwoFactorEnabled" boolean NOT NULL,
    "LockoutEnd" timestamp with time zone,
    "LockoutEnabled" boolean NOT NULL,
    "AccessFailedCount" integer NOT NULL
);


ALTER TABLE public."AspNetUsers" OWNER TO postgres;

--
-- Name: __EFMigrationsHistory; Type: TABLE; Schema: public; Owner: postgres
--

CREATE TABLE public."__EFMigrationsHistory" (
    "MigrationId" character varying(150) NOT NULL,
    "ProductVersion" character varying(32) NOT NULL
);


ALTER TABLE public."__EFMigrationsHistory" OWNER TO postgres;

--
-- Name: category; Type: TABLE; Schema: public; Owner: postgres
--

CREATE TABLE public.category (
    categoryid integer NOT NULL,
    categoryname character varying(64) NOT NULL,
    categorystatus integer NOT NULL
);


ALTER TABLE public.category OWNER TO postgres;

--
-- Name: category_categoryid_seq; Type: SEQUENCE; Schema: public; Owner: postgres
--

CREATE SEQUENCE public.category_categoryid_seq
    AS integer
    START WITH 1
    INCREMENT BY 1
    NO MINVALUE
    NO MAXVALUE
    CACHE 1;


ALTER TABLE public.category_categoryid_seq OWNER TO postgres;

--
-- Name: category_categoryid_seq; Type: SEQUENCE OWNED BY; Schema: public; Owner: postgres
--

ALTER SEQUENCE public.category_categoryid_seq OWNED BY public.category.categoryid;


--
-- Name: product; Type: TABLE; Schema: public; Owner: postgres
--

CREATE TABLE public.product (
    productid integer NOT NULL,
    productname character varying(128),
    unitprice numeric(18,2),
    unitinstock integer,
    productpicture character varying(256),
    categoryid integer NOT NULL,
    createddate timestamp without time zone DEFAULT CURRENT_TIMESTAMP NOT NULL,
    modifieddate timestamp without time zone
);


ALTER TABLE public.product OWNER TO postgres;

--
-- Name: product_productid_seq; Type: SEQUENCE; Schema: public; Owner: postgres
--

CREATE SEQUENCE public.product_productid_seq
    AS integer
    START WITH 1
    INCREMENT BY 1
    NO MINVALUE
    NO MAXVALUE
    CACHE 1;


ALTER TABLE public.product_productid_seq OWNER TO postgres;

--
-- Name: product_productid_seq; Type: SEQUENCE OWNED BY; Schema: public; Owner: postgres
--

ALTER SEQUENCE public.product_productid_seq OWNED BY public.product.productid;


--
-- Name: category categoryid; Type: DEFAULT; Schema: public; Owner: postgres
--

ALTER TABLE ONLY public.category ALTER COLUMN categoryid SET DEFAULT nextval('public.category_categoryid_seq'::regclass);


--
-- Name: product productid; Type: DEFAULT; Schema: public; Owner: postgres
--

ALTER TABLE ONLY public.product ALTER COLUMN productid SET DEFAULT nextval('public.product_productid_seq'::regclass);


--
-- Data for Name: AspNetRoleClaims; Type: TABLE DATA; Schema: public; Owner: postgres
--

COPY public."AspNetRoleClaims" ("Id", "RoleId", "ClaimType", "ClaimValue") FROM stdin;
\.


--
-- Data for Name: AspNetRoles; Type: TABLE DATA; Schema: public; Owner: postgres
--

COPY public."AspNetRoles" ("Id", "Name", "NormalizedName", "ConcurrencyStamp") FROM stdin;
43661b12-8ee8-4dac-8ff7-e0af6c131b68	Admin	ADMIN	\N
e11eb0e1-02fa-4882-9087-f35312aceb34	Manager	MANAGER	\N
c908a961-9047-47f0-b5c1-67ce1ea814f5	User	USER	\N
\.


--
-- Data for Name: AspNetUserClaims; Type: TABLE DATA; Schema: public; Owner: postgres
--

COPY public."AspNetUserClaims" ("Id", "UserId", "ClaimType", "ClaimValue") FROM stdin;
\.


--
-- Data for Name: AspNetUserLogins; Type: TABLE DATA; Schema: public; Owner: postgres
--

COPY public."AspNetUserLogins" ("LoginProvider", "ProviderKey", "ProviderDisplayName", "UserId") FROM stdin;
\.


--
-- Data for Name: AspNetUserRoles; Type: TABLE DATA; Schema: public; Owner: postgres
--

COPY public."AspNetUserRoles" ("UserId", "RoleId") FROM stdin;
3db3e12e-92c7-48b3-8047-c6219f24e2dd	c908a961-9047-47f0-b5c1-67ce1ea814f5
fcce2dc2-b48e-48f2-92de-ad22ff368de2	c908a961-9047-47f0-b5c1-67ce1ea814f5
1a79e6b2-e8e1-442a-974d-3d92bc8cbe12	c908a961-9047-47f0-b5c1-67ce1ea814f5
2f49415e-9734-409d-b056-aa882827b01e	e11eb0e1-02fa-4882-9087-f35312aceb34
b964596b-7f32-495c-9808-5a2cc35ea831	43661b12-8ee8-4dac-8ff7-e0af6c131b68
292a548a-3b67-4d5b-b0e7-d002cefd35ab	c908a961-9047-47f0-b5c1-67ce1ea814f5
\.


--
-- Data for Name: AspNetUserTokens; Type: TABLE DATA; Schema: public; Owner: postgres
--

COPY public."AspNetUserTokens" ("UserId", "LoginProvider", "Name", "Value") FROM stdin;
\.


--
-- Data for Name: AspNetUsers; Type: TABLE DATA; Schema: public; Owner: postgres
--

COPY public."AspNetUsers" ("Id", "UserName", "NormalizedUserName", "Email", "NormalizedEmail", "EmailConfirmed", "PasswordHash", "SecurityStamp", "ConcurrencyStamp", "PhoneNumber", "PhoneNumberConfirmed", "TwoFactorEnabled", "LockoutEnd", "LockoutEnabled", "AccessFailedCount") FROM stdin;
3db3e12e-92c7-48b3-8047-c6219f24e2dd	samit	SAMIT	samit@email.com	SAMIT@EMAIL.COM	f	AQAAAAIAAYagAAAAEDbZwYUloflu1uU72Z5gU1WUKbJQbVqou+GphaBTSIPIG2DR2IyujJdzhRedu28rqg==	THDBHGVOXWGW455EDRCV5F57RMNP56L7	8d9aec21-395d-40dc-a5bd-88fb2c5af9df	\N	f	f	\N	t	0
fcce2dc2-b48e-48f2-92de-ad22ff368de2	wichai	WICHAI	wichai@email.com	WICHAI@EMAIL.COM	f	AQAAAAIAAYagAAAAEAung910wuXgrKOXgauGiJR6GlGoClRL3Ol/pvcELMQFt1WXKvlaSQohe/1CE+18gg==	U2W37JZ27LP7J6QBZ5J3TD23VPQ3TAX6	b35a6a1c-2c4f-49a3-a801-3d7710a005bb	\N	f	f	\N	t	0
1a79e6b2-e8e1-442a-974d-3d92bc8cbe12	user1	USER1	user1@email.com	USER1@EMAIL.COM	f	AQAAAAIAAYagAAAAELiNDw5lE2p6WoHk6+SlGxBwTDLuchT6nnUBGTiUonH3gHYfog8nUhs5GGksMo44dg==	HE2ZBC6JZQVINKAOUPJHAKISCFI2E4F6	00688731-cb13-4b7c-b287-459e4b32a161	\N	f	f	\N	t	0
b964596b-7f32-495c-9808-5a2cc35ea831	admin1	ADMIN1	admin1@email.com	ADMIN1@EMAIL.COM	f	AQAAAAIAAYagAAAAELTZGSPpZ8au7zKWogy4xHSTkIVWRgY2PG4nuZP06aXJ2d1V4D8W4WLPVAafipilFg==	ET5UEYLTKGFZ2UL5ZJSPWZV3RZW2Q6OX	771328a1-afea-491e-8daf-4723422470e8	\N	f	f	\N	t	0
2f49415e-9734-409d-b056-aa882827b01e	manager1	MANAGER1	manager1@email.com	MANAGER1@EMAIL.COM	f	AQAAAAIAAYagAAAAEAAVCZvm10fCzyHuKQZhROG4Y73JtyXEPKT1BXljHbhQljblVyoc96hjdnNF1YiE2w==	3523AOY6PH7HTDPFOTM6TM6325LRPZBH	3358def0-1cad-4ba3-a830-2469edbea93c	\N	f	f	\N	t	0
292a548a-3b67-4d5b-b0e7-d002cefd35ab	user2	USER2	user2@email.com	USER2@EMAIL.COM	f	AQAAAAIAAYagAAAAED7eXVbu9iTOAy0uxhEiAIINNm1np6/Jfmn3b/u/IsEj3E5dS6nziirKTqZQbJCDmA==	3OYEJBC5G4ZEMIIRF6RUDSMSZM2NAJAD	8f53c0db-d2c5-4fef-aa21-bdb4a59fbd25	\N	f	f	\N	t	0
\.


--
-- Data for Name: __EFMigrationsHistory; Type: TABLE DATA; Schema: public; Owner: postgres
--

COPY public."__EFMigrationsHistory" ("MigrationId", "ProductVersion") FROM stdin;
20240621155046_auth	8.0.0
\.


--
-- Data for Name: category; Type: TABLE DATA; Schema: public; Owner: postgres
--

COPY public.category (categoryid, categoryname, categorystatus) FROM stdin;
1	Mobile	1
2	Tablet	1
3	Smart Watch	1
4	Laptop	1
\.


--
-- Data for Name: product; Type: TABLE DATA; Schema: public; Owner: postgres
--

COPY public.product (productid, productname, unitprice, unitinstock, productpicture, categoryid, createddate, modifieddate) FROM stdin;
13	Huawei Smart Watch	12000.00	1	6b34ffad-8c87-4ed0-bb15-3c0ee909a769.webp	3	2024-07-04 22:16:50	2024-07-04 22:16:50
2	iPad Pro 2021	18500.00	10	2399236d-00aa-4482-adbe-2fac37f5ade9.jpg	2	2021-11-20 00:00:00	2021-11-20 00:00:00
3	Airpods Pro	12500.00	5	252a06fb-8a29-4158-9c03-47089ae4b924.png	3	2021-11-10 10:30:00	2021-11-12 10:30:00
4	Macbook Pro M1	45000.00	10	393b0ec0-6e1e-4e0a-929c-d45cab1fefb8.jpg	4	2021-11-15 10:30:00	2021-11-15 10:30:00
7	Sample Phone	5000.00	2	6279385d-5a3b-4ab2-8cdf-d394d737306a.jpg	3	2021-11-20 00:00:00	2021-11-20 00:00:00
1	iPhone 13 Pro Max	65000.00	5	5975e424-35df-4960-a959-0dc26b7432ee.jpg	1	2021-11-22 00:00:00	2021-11-22 00:00:00
10	MX Master 3 for Mac	3900.00	1	77a95820-d60a-4831-a390-33f5082cf880.jpg	4	2024-07-02 01:00:38	2024-07-02 01:00:38
9	JBL Go 3	1900.00	1	d198cf95-1eaf-48aa-bbaf-0a5d916b999e.webp	4	2024-07-02 00:52:28	2024-07-02 00:52:28
16	สมาร์ทโฟน OPPO Reno12	16999.00	1	37d8b063-c475-4cb7-84ff-4fed4509f35c.webp	1	2024-07-04 23:21:56	2024-07-04 23:21:56
17	ไมโครโฟน JBL Party Box	5590.00	10	79d2dfd8-8785-4491-b453-0a0c744fdf65.webp	4	2024-07-04 23:22:55	2024-07-04 23:22:55
\.


--
-- Name: AspNetRoleClaims_Id_seq; Type: SEQUENCE SET; Schema: public; Owner: postgres
--

SELECT pg_catalog.setval('public."AspNetRoleClaims_Id_seq"', 1, false);


--
-- Name: AspNetUserClaims_Id_seq; Type: SEQUENCE SET; Schema: public; Owner: postgres
--

SELECT pg_catalog.setval('public."AspNetUserClaims_Id_seq"', 1, false);


--
-- Name: category_categoryid_seq; Type: SEQUENCE SET; Schema: public; Owner: postgres
--

SELECT pg_catalog.setval('public.category_categoryid_seq', 13, true);


--
-- Name: product_productid_seq; Type: SEQUENCE SET; Schema: public; Owner: postgres
--

SELECT pg_catalog.setval('public.product_productid_seq', 17, true);


--
-- Name: AspNetRoleClaims PK_AspNetRoleClaims; Type: CONSTRAINT; Schema: public; Owner: postgres
--

ALTER TABLE ONLY public."AspNetRoleClaims"
    ADD CONSTRAINT "PK_AspNetRoleClaims" PRIMARY KEY ("Id");


--
-- Name: AspNetRoles PK_AspNetRoles; Type: CONSTRAINT; Schema: public; Owner: postgres
--

ALTER TABLE ONLY public."AspNetRoles"
    ADD CONSTRAINT "PK_AspNetRoles" PRIMARY KEY ("Id");


--
-- Name: AspNetUserClaims PK_AspNetUserClaims; Type: CONSTRAINT; Schema: public; Owner: postgres
--

ALTER TABLE ONLY public."AspNetUserClaims"
    ADD CONSTRAINT "PK_AspNetUserClaims" PRIMARY KEY ("Id");


--
-- Name: AspNetUserLogins PK_AspNetUserLogins; Type: CONSTRAINT; Schema: public; Owner: postgres
--

ALTER TABLE ONLY public."AspNetUserLogins"
    ADD CONSTRAINT "PK_AspNetUserLogins" PRIMARY KEY ("LoginProvider", "ProviderKey");


--
-- Name: AspNetUserRoles PK_AspNetUserRoles; Type: CONSTRAINT; Schema: public; Owner: postgres
--

ALTER TABLE ONLY public."AspNetUserRoles"
    ADD CONSTRAINT "PK_AspNetUserRoles" PRIMARY KEY ("UserId", "RoleId");


--
-- Name: AspNetUserTokens PK_AspNetUserTokens; Type: CONSTRAINT; Schema: public; Owner: postgres
--

ALTER TABLE ONLY public."AspNetUserTokens"
    ADD CONSTRAINT "PK_AspNetUserTokens" PRIMARY KEY ("UserId", "LoginProvider", "Name");


--
-- Name: AspNetUsers PK_AspNetUsers; Type: CONSTRAINT; Schema: public; Owner: postgres
--

ALTER TABLE ONLY public."AspNetUsers"
    ADD CONSTRAINT "PK_AspNetUsers" PRIMARY KEY ("Id");


--
-- Name: __EFMigrationsHistory PK___EFMigrationsHistory; Type: CONSTRAINT; Schema: public; Owner: postgres
--

ALTER TABLE ONLY public."__EFMigrationsHistory"
    ADD CONSTRAINT "PK___EFMigrationsHistory" PRIMARY KEY ("MigrationId");


--
-- Name: category category_pkey; Type: CONSTRAINT; Schema: public; Owner: postgres
--

ALTER TABLE ONLY public.category
    ADD CONSTRAINT category_pkey PRIMARY KEY (categoryid);


--
-- Name: product product_pkey; Type: CONSTRAINT; Schema: public; Owner: postgres
--

ALTER TABLE ONLY public.product
    ADD CONSTRAINT product_pkey PRIMARY KEY (productid);


--
-- Name: EmailIndex; Type: INDEX; Schema: public; Owner: postgres
--

CREATE INDEX "EmailIndex" ON public."AspNetUsers" USING btree ("NormalizedEmail");


--
-- Name: IX_AspNetRoleClaims_RoleId; Type: INDEX; Schema: public; Owner: postgres
--

CREATE INDEX "IX_AspNetRoleClaims_RoleId" ON public."AspNetRoleClaims" USING btree ("RoleId");


--
-- Name: IX_AspNetUserClaims_UserId; Type: INDEX; Schema: public; Owner: postgres
--

CREATE INDEX "IX_AspNetUserClaims_UserId" ON public."AspNetUserClaims" USING btree ("UserId");


--
-- Name: IX_AspNetUserLogins_UserId; Type: INDEX; Schema: public; Owner: postgres
--

CREATE INDEX "IX_AspNetUserLogins_UserId" ON public."AspNetUserLogins" USING btree ("UserId");


--
-- Name: IX_AspNetUserRoles_RoleId; Type: INDEX; Schema: public; Owner: postgres
--

CREATE INDEX "IX_AspNetUserRoles_RoleId" ON public."AspNetUserRoles" USING btree ("RoleId");


--
-- Name: RoleNameIndex; Type: INDEX; Schema: public; Owner: postgres
--

CREATE UNIQUE INDEX "RoleNameIndex" ON public."AspNetRoles" USING btree ("NormalizedName");


--
-- Name: UserNameIndex; Type: INDEX; Schema: public; Owner: postgres
--

CREATE UNIQUE INDEX "UserNameIndex" ON public."AspNetUsers" USING btree ("NormalizedUserName");


--
-- Name: AspNetRoleClaims FK_AspNetRoleClaims_AspNetRoles_RoleId; Type: FK CONSTRAINT; Schema: public; Owner: postgres
--

ALTER TABLE ONLY public."AspNetRoleClaims"
    ADD CONSTRAINT "FK_AspNetRoleClaims_AspNetRoles_RoleId" FOREIGN KEY ("RoleId") REFERENCES public."AspNetRoles"("Id") ON DELETE CASCADE;


--
-- Name: AspNetUserClaims FK_AspNetUserClaims_AspNetUsers_UserId; Type: FK CONSTRAINT; Schema: public; Owner: postgres
--

ALTER TABLE ONLY public."AspNetUserClaims"
    ADD CONSTRAINT "FK_AspNetUserClaims_AspNetUsers_UserId" FOREIGN KEY ("UserId") REFERENCES public."AspNetUsers"("Id") ON DELETE CASCADE;


--
-- Name: AspNetUserLogins FK_AspNetUserLogins_AspNetUsers_UserId; Type: FK CONSTRAINT; Schema: public; Owner: postgres
--

ALTER TABLE ONLY public."AspNetUserLogins"
    ADD CONSTRAINT "FK_AspNetUserLogins_AspNetUsers_UserId" FOREIGN KEY ("UserId") REFERENCES public."AspNetUsers"("Id") ON DELETE CASCADE;


--
-- Name: AspNetUserRoles FK_AspNetUserRoles_AspNetRoles_RoleId; Type: FK CONSTRAINT; Schema: public; Owner: postgres
--

ALTER TABLE ONLY public."AspNetUserRoles"
    ADD CONSTRAINT "FK_AspNetUserRoles_AspNetRoles_RoleId" FOREIGN KEY ("RoleId") REFERENCES public."AspNetRoles"("Id") ON DELETE CASCADE;


--
-- Name: AspNetUserRoles FK_AspNetUserRoles_AspNetUsers_UserId; Type: FK CONSTRAINT; Schema: public; Owner: postgres
--

ALTER TABLE ONLY public."AspNetUserRoles"
    ADD CONSTRAINT "FK_AspNetUserRoles_AspNetUsers_UserId" FOREIGN KEY ("UserId") REFERENCES public."AspNetUsers"("Id") ON DELETE CASCADE;


--
-- Name: AspNetUserTokens FK_AspNetUserTokens_AspNetUsers_UserId; Type: FK CONSTRAINT; Schema: public; Owner: postgres
--

ALTER TABLE ONLY public."AspNetUserTokens"
    ADD CONSTRAINT "FK_AspNetUserTokens_AspNetUsers_UserId" FOREIGN KEY ("UserId") REFERENCES public."AspNetUsers"("Id") ON DELETE CASCADE;


--
-- PostgreSQL database dump complete
--

